{"batch/loss": 0.3047041893005371, "batch/accuracy": 0.86888587474823, "batch/batch_step": 261, "_timestamp": 1683293151.1769392, "_runtime": 249.59181714057922, "_step": 263}