{"batch/loss": 0.5007302761077881, "batch/accuracy": 0.7599999904632568, "batch/batch_step": 89, "_timestamp": 1683106343.9545133, "_runtime": 76.21333241462708, "_step": 89}