{"batch/loss": 0.6017442345619202, "batch/accuracy": 0.7124999761581421, "batch/batch_step": 14, "_timestamp": 1683218876.1309748, "_runtime": 54.7090368270874, "_step": 14}