{"epoch/loss": 0.19690100848674774, "epoch/accuracy": 0.9136323928833008, "epoch/val_loss": 0.4490186870098114, "epoch/val_accuracy": 0.8011363744735718, "epoch/epoch": 10, "_timestamp": 1683209775.9353502, "_runtime": 1761.8901872634888, "_step": 3779}