{"batch/batch_step": 3439, "_step": 3510, "_runtime": 1899.5310299396515, "_timestamp": 1683111909.182139, "batch/loss": 0.03607287257909775, "batch/accuracy": 0.9858723878860474, "accuracy": 0.8630831837654114, "classification_report": "              precision    recall  f1-score   support\n\n           0       0.86      0.92      0.89       589\n           1       0.86      0.78      0.82       397\n\n    accuracy                           0.86       986\n   macro avg       0.86      0.85      0.86       986\nweighted avg       0.86      0.86      0.86       986\n", "_wandb": {"runtime": 27}}