{"batch/loss": 0.530847430229187, "batch/accuracy": 0.7560137510299683, "batch/batch_step": 54, "_timestamp": 1683109842.4997523, "_runtime": 53.33871626853943, "_step": 54}