{"batch/loss": 0.5223023295402527, "batch/accuracy": 0.7661243677139282, "batch/batch_step": 107, "_timestamp": 1683292082.7291439, "_runtime": 127.17999196052551, "_step": 107}