{"batch/loss": 0.06587403267621994, "batch/accuracy": 0.9761029481887817, "batch/batch_step": 3456, "_timestamp": 1683111731.8555746, "_runtime": 1895.2467377185822, "_step": 3527}