{"batch/loss": 0.4392642676830292, "batch/accuracy": 0.8151041865348816, "batch/batch_step": 437, "_timestamp": 1683291144.9380496, "_runtime": 1284.1476776599884, "_step": 441}