{"batch/loss": 0.3659367263317108, "batch/accuracy": 0.8371686339378357, "batch/batch_step": 3009, "batch/learning_rate": 0.0010000000474974513, "_timestamp": 1683288131.7625153, "_runtime": 4233.283836364746, "_step": 3023, "epoch/loss": 0.3659367263317108, "epoch/accuracy": 0.8371686339378357, "epoch/val_loss": 0.6541980504989624, "epoch/val_accuracy": 0.756899356842041, "epoch/epoch": 13, "epoch/learning_rate": 0.0010000000474974513, "_wandb": {"runtime": 4327}}