{"batch/loss": 0.6781332492828369, "batch/accuracy": 0.5794642567634583, "batch/batch_step": 929, "_timestamp": 1683220102.817233, "_runtime": 1176.1403260231018, "_step": 933}