{"batch/loss": 0.2300860434770584, "batch/accuracy": 0.9022720456123352, "batch/batch_step": 2149, "batch/learning_rate": 0.0010000000474974513, "_timestamp": 1683115378.163592, "_runtime": 964.2183082103729, "_step": 2159, "epoch/loss": 0.2300860434770584, "epoch/accuracy": 0.9022720456123352, "epoch/val_loss": 0.4068448841571808, "epoch/val_accuracy": 0.8180362582206726, "epoch/epoch": 9, "epoch/learning_rate": 0.0010000000474974513, "_wandb": {"runtime": 957}}