{"batch/loss": 0.1267252117395401, "batch/accuracy": 0.94461989402771, "batch/batch_step": 1667, "batch/learning_rate": 0.0010000000474974513, "_timestamp": 1683107434.506537, "_runtime": 1036.7451889514923, "_step": 1674, "epoch/loss": 0.1267252117395401, "epoch/accuracy": 0.94461989402771, "epoch/val_loss": 0.4004487991333008, "epoch/val_accuracy": 0.8652597665786743, "epoch/epoch": 5, "epoch/learning_rate": 0.0010000000474974513, "accuracy": 0.8671399354934692, "classification_report": "              precision    recall  f1-score   support\n\n           0       0.89      0.88      0.89       589\n           1       0.83      0.84      0.84       397\n\n    accuracy                           0.87       986\n   macro avg       0.86      0.86      0.86       986\nweighted avg       0.87      0.87      0.87       986\n", "_wandb": {"runtime": 954}}