{"batch/loss": 0.9014180302619934, "batch/accuracy": 0.6212121248245239, "batch/batch_step": 18, "_timestamp": 1683283860.1678622, "_runtime": 68.47194218635559, "_step": 18}