{"batch/loss": 0.6200716495513916, "batch/accuracy": 0.6521739363670349, "batch/batch_step": 523, "_timestamp": 1683289791.7753165, "_runtime": 1419.8466255664825, "_step": 527}