{"batch/loss": 0.48904556035995483, "batch/accuracy": 0.7832655310630798, "batch/batch_step": 107, "_timestamp": 1683292436.0725377, "_runtime": 114.79729056358337, "_step": 107}