{"epoch/loss": 0.1405504047870636, "epoch/accuracy": 0.9385377168655396, "epoch/val_loss": 0.6838797926902771, "epoch/val_accuracy": 0.8344155550003052, "epoch/epoch": 7, "_timestamp": 1683211810.21461, "_runtime": 3607.0037150382996, "_step": 5507}