{"batch/loss": 0.27967569231987, "batch/accuracy": 0.8781524896621704, "batch/batch_step": 430, "_timestamp": 1683291612.546479, "_runtime": 384.8925280570984, "_step": 433}