{"batch/loss": 0.12076783180236816, "batch/accuracy": 0.9480046629905701, "batch/batch_step": 1289, "batch/learning_rate": 0.0010000000474974513, "_timestamp": 1683109676.0482385, "_runtime": 746.1182255744934, "_step": 1296, "epoch/loss": 0.12076783180236816, "epoch/accuracy": 0.9480046629905701, "epoch/val_loss": 0.3897828459739685, "epoch/val_accuracy": 0.8640422224998474, "epoch/epoch": 5, "epoch/learning_rate": 0.0010000000474974513, "accuracy": 0.8640973567962646, "classification_report": "              precision    recall  f1-score   support\n\n           0       0.86      0.93      0.89       589\n           1       0.88      0.77      0.82       397\n\n    accuracy                           0.86       986\n   macro avg       0.87      0.85      0.86       986\nweighted avg       0.87      0.86      0.86       986\n", "_wandb": {"runtime": 744}}