{"batch/loss": 0.31611210107803345, "batch/accuracy": 0.8583579659461975, "batch/batch_step": 1458, "_timestamp": 1683207695.458741, "_runtime": 681.2038478851318, "_step": 1464}