{"batch/loss": 0.326018363237381, "batch/accuracy": 0.8584328293800354, "batch/batch_step": 3439, "batch/learning_rate": 0.0010000000474974513, "_timestamp": 1683224224.8347895, "_runtime": 4077.102168560028, "_step": 3458, "epoch/loss": 0.326018363237381, "epoch/accuracy": 0.8584328293800354, "epoch/val_loss": 0.4366197884082794, "epoch/val_accuracy": 0.8254870176315308, "epoch/epoch": 15, "epoch/learning_rate": 0.0010000000474974513, "GRADCam Visual": {"_type": "image-file", "sha256": "ebc65be0365aeb96050b430f5d9633bdc45ce74d769932fe63a8ff580654ba26", "size": 131685, "path": "media/images/GRADCam Visual_3458_ebc65be0365aeb96050b.png", "format": "png", "width": 1080, "height": 1080}, "_wandb": {"runtime": 4088}}