{"batch/loss": 0.3224307894706726, "batch/accuracy": 0.862500011920929, "batch/batch_step": 9, "_timestamp": 1683212791.7239287, "_runtime": 93.60100674629211, "_step": 27}