{"_step": 1675, "_timestamp": 1683107543.362596, "epoch/accuracy": 0.94461989402771, "epoch/learning_rate": 0.0010000000474974513, "accuracy": 0.8671399354934692, "epoch/val_loss": 0.4004487991333008, "batch/batch_step": 1667, "classification_report": "              precision    recall  f1-score   support\n\n           0       0.89      0.88      0.89       589\n           1       0.83      0.84      0.84       397\n\n    accuracy                           0.87       986\n   macro avg       0.86      0.86      0.86       986\nweighted avg       0.87      0.87      0.87       986\n", "_runtime": 1063.3669691085815, "batch/loss": 0.1267252117395401, "epoch/loss": 0.1267252117395401, "epoch/epoch": 5, "batch/accuracy": 0.94461989402771, "epoch/val_accuracy": 0.8652597665786743, "batch/learning_rate": 0.0010000000474974513, "_wandb": {"runtime": 978}}