{"batch/loss": 0.34617629647254944, "batch/accuracy": 0.8474264740943909, "batch/batch_step": 231, "_timestamp": 1683218599.8825028, "_runtime": 311.39231276512146, "_step": 232}