{"batch/loss": 0.08235860615968704, "batch/accuracy": 0.9739583134651184, "batch/batch_step": 839, "_timestamp": 1683108044.5952346, "_runtime": 1522.159039735794, "_step": 2518}