{"batch/loss": 0.33717280626296997, "batch/accuracy": 0.851169764995575, "batch/batch_step": 340, "_timestamp": 1683218043.4253685, "_runtime": 5158.660768508911, "_step": 3586}